timeStamp,elapsed,label,responseCode,responseMessage,threadName,dataType,success,failureMessage,bytes,sentBytes,grpThreads,allThreads,URL,Latency,IdleTime,Connect
1681220748986,104,Request_1,200,OK,HW_19 1-1,text,true,,185,145,6,6,http://5.75.203.123:5005/get_method?name=Tim&age=37,103,0,49
1681220749006,104,Request_1,200,OK,HW_19 1-2,text,true,,185,145,7,7,http://5.75.203.123:5005/get_method?name=Tim&age=37,104,0,49
1681220749025,101,Request_1,200,OK,HW_19 1-3,text,true,,185,145,7,7,http://5.75.203.123:5005/get_method?name=Tim&age=37,101,0,49
1681220749047,114,Request_1,200,OK,HW_19 1-4,text,true,,185,145,9,9,http://5.75.203.123:5005/get_method?name=Tim&age=37,114,0,55
1681220749066,109,Request_1,200,OK,HW_19 1-5,text,true,,185,145,10,10,http://5.75.203.123:5005/get_method?name=Tim&age=37,109,0,52
1681220749089,102,Request_1,200,OK,HW_19 1-6,text,true,,185,145,11,11,http://5.75.203.123:5005/get_method?name=Tim&age=37,102,0,50
1681220749090,106,Request_2,200,OK,HW_19 1-1,text,true,,472,242,11,11,http://5.75.203.123:5005/user_info_2,106,0,52
1681220749108,101,Request_1,200,OK,HW_19 1-7,text,true,,185,145,12,12,http://5.75.203.123:5005/get_method?name=Tim&age=37,101,0,48
1681220749110,103,Request_2,200,OK,HW_19 1-2,text,true,,472,242,12,12,http://5.75.203.123:5005/user_info_2,103,0,49
1681220749128,110,Request_1,200,OK,HW_19 1-8,text,true,,185,145,13,13,http://5.75.203.123:5005/get_method?name=Tim&age=37,110,0,51
1681220749126,114,Request_2,200,OK,HW_19 1-3,text,true,,472,242,13,13,http://5.75.203.123:5005/user_info_2,114,0,54
1681220749148,103,Request_1,200,OK,HW_19 1-9,text,true,,185,145,14,14,http://5.75.203.123:5005/get_method?name=Tim&age=37,103,0,50
1681220749161,103,Request_2,200,OK,HW_19 1-4,text,true,,472,242,14,14,http://5.75.203.123:5005/user_info_2,103,0,50
1681220749175,105,Request_2,200,OK,HW_19 1-5,text,true,,472,242,15,15,http://5.75.203.123:5005/user_info_2,105,0,50
1681220749167,114,Request_1,200,OK,HW_19 1-10,text,true,,185,145,15,15,http://5.75.203.123:5005/get_method?name=Tim&age=37,114,0,53
1681220749187,101,Request_1,200,OK,HW_19 1-11,text,true,,185,145,16,16,http://5.75.203.123:5005/get_method?name=Tim&age=37,101,0,48
1681220749191,102,Request_2,200,OK,HW_19 1-6,text,true,,472,242,16,16,http://5.75.203.123:5005/user_info_2,102,0,51
1681220749197,111,Request_3,200,OK,HW_19 1-1,text,true,,380,242,17,17,http://5.75.203.123:5005/user_info_3,110,0,53
1681220749209,103,Request_2,200,OK,HW_19 1-7,text,true,,472,242,17,17,http://5.75.203.123:5005/user_info_2,103,0,50
1681220749213,103,Request_3,200,OK,HW_19 1-2,text,true,,380,242,17,17,http://5.75.203.123:5005/user_info_3,103,0,50
1681220749206,111,Request_1,200,OK,HW_19 1-12,text,true,,185,145,17,17,http://5.75.203.123:5005/get_method?name=Tim&age=37,111,0,53
1681220749225,112,Request_1,200,OK,HW_19 1-13,text,true,,185,145,18,18,http://5.75.203.123:5005/get_method?name=Tim&age=37,112,0,54
1681220749240,102,Request_3,200,OK,HW_19 1-3,text,true,,380,242,18,18,http://5.75.203.123:5005/user_info_3,102,0,49
1681220749238,110,Request_2,200,OK,HW_19 1-8,text,true,,472,242,19,19,http://5.75.203.123:5005/user_info_2,110,0,54
1681220749245,107,Request_1,200,OK,HW_19 1-14,text,true,,185,145,19,19,http://5.75.203.123:5005/get_method?name=Tim&age=37,107,0,52
1681220749251,114,Request_2,200,OK,HW_19 1-9,text,true,,472,242,20,20,http://5.75.203.123:5005/user_info_2,114,0,56
1681220749265,103,Request_1,200,OK,HW_19 1-15,text,true,,185,145,20,20,http://5.75.203.123:5005/get_method?name=Tim&age=37,103,0,49
1681220749264,109,Request_3,200,OK,HW_19 1-4,text,true,,380,242,20,20,http://5.75.203.123:5005/user_info_3,109,0,53
1681220749281,120,Request_3,200,OK,HW_19 1-5,text,true,,380,242,21,21,http://5.75.203.123:5005/user_info_3,119,0,54
1681220749281,122,Request_2,200,OK,HW_19 1-10,text,true,,472,242,21,21,http://5.75.203.123:5005/user_info_2,122,0,56
1681220749288,115,Request_2,200,OK,HW_19 1-11,text,true,,472,242,21,21,http://5.75.203.123:5005/user_info_2,115,0,55
1681220749286,122,Request_1,200,OK,HW_19 1-16,text,true,,185,145,22,22,http://5.75.203.123:5005/get_method?name=Tim&age=37,122,0,53
1681220749293,116,Request_3,200,OK,HW_19 1-6,text,true,,380,242,22,22,http://5.75.203.123:5005/user_info_3,116,0,52
1681220749308,108,Request_4,200,OK,HW_19 1-1,text,true,,245,158,22,22,http://5.75.203.123:5005/object_info_1?name=Tim&age=37&weight=62,107,0,51
1681220749306,111,Request_1,200,OK,HW_19 1-17,text,true,,185,145,22,22,http://5.75.203.123:5005/get_method?name=Tim&age=37,111,0,51
1681220749312,105,Request_3,200,OK,HW_19 1-7,text,true,,380,242,22,22,http://5.75.203.123:5005/user_info_3,105,0,49
1681220749317,104,Request_4,200,OK,HW_19 1-2,text,true,,245,158,22,22,http://5.75.203.123:5005/object_info_1?name=Tim&age=37&weight=62,104,0,49
1681220749317,115,Request_2,200,OK,HW_19 1-12,text,true,,472,242,23,23,http://5.75.203.123:5005/user_info_2,115,0,54
1681220749325,112,Request_1,200,OK,HW_19 1-18,text,true,,185,145,23,23,http://5.75.203.123:5005/get_method?name=Tim&age=37,112,0,54
1681220749337,103,Request_2,200,OK,HW_19 1-13,text,true,,472,242,23,23,http://5.75.203.123:5005/user_info_2,103,0,51
1681220749348,103,Request_3,200,OK,HW_19 1-8,text,true,,380,242,24,24,http://5.75.203.123:5005/user_info_3,103,0,52
1681220749345,113,Request_1,200,OK,HW_19 1-19,text,true,,185,145,24,24,http://5.75.203.123:5005/get_method?name=Tim&age=37,113,0,52
1681220749342,118,Request_4,200,OK,HW_19 1-3,text,true,,245,158,24,24,http://5.75.203.123:5005/object_info_1?name=Tim&age=37&weight=62,118,0,55
1681220749352,108,Request_2,200,OK,HW_19 1-14,text,true,,472,242,24,24,http://5.75.203.123:5005/user_info_2,108,0,51
1681220749365,112,Request_1,200,OK,HW_19 1-20,text,true,,185,145,25,25,http://5.75.203.123:5005/get_method?name=Tim&age=37,112,0,55
1681220749365,120,Request_3,200,OK,HW_19 1-9,text,true,,380,242,25,25,http://5.75.203.123:5005/user_info_3,120,0,59
1681220749373,113,Request_4,200,OK,HW_19 1-4,text,true,,245,158,26,26,http://5.75.203.123:5005/object_info_1?name=Tim&age=37&weight=62,113,0,54
1681220749368,120,Request_2,200,OK,HW_19 1-15,text,true,,472,242,26,26,http://5.75.203.123:5005/user_info_2,120,0,56
1681220749385,103,Request_1,200,OK,HW_19 1-21,text,true,,185,145,26,26,http://5.75.203.123:5005/get_method?name=Tim&age=37,103,0,48
1681220749401,108,Request_4,200,OK,HW_19 1-5,text,true,,245,158,27,27,http://5.75.203.123:5005/object_info_1?name=Tim&age=37&weight=62,108,0,54
1681220749403,109,Request_3,200,OK,HW_19 1-10,text,true,,380,242,27,27,http://5.75.203.123:5005/user_info_3,109,0,54
1681220749410,110,Request_4,200,OK,HW_19 1-6,text,true,,245,158,27,27,http://5.75.203.123:5005/object_info_1?name=Tim&age=37&weight=62,110,0,52
1681220749417,113,Request_2,200,OK,HW_19 1-17,text,true,,472,242,28,28,http://5.75.203.123:5005/user_info_2,113,0,52
1681220749421,109,Request_5,200,OK,HW_19 1-2,text,true,,472,160,28,28,http://5.75.203.123:5005/object_info_2?name=Tim&age=37&salary=2000,109,0,51
1681220749403,131,Request_3,200,OK,HW_19 1-11,text,true,,380,242,28,28,http://5.75.203.123:5005/user_info_3,131,0,60
1681220749406,129,Request_1,200,OK,HW_19 1-22,text,true,,185,145,28,28,http://5.75.203.123:5005/get_method?name=Tim&age=37,129,0,58
1681220749408,128,Request_2,200,OK,HW_19 1-16,text,true,,472,242,28,28,http://5.75.203.123:5005/user_info_2,128,0,56
1681220749416,123,Request_5,200,OK,HW_19 1-1,text,true,,472,160,28,28,http://5.75.203.123:5005/object_info_2?name=Tim&age=37&salary=2000,123,0,53
1681220749426,115,Request_1,200,OK,HW_19 1-23,text,true,,185,145,28,28,http://5.75.203.123:5005/get_method?name=Tim&age=37,115,0,51
1681220749417,125,Request_4,200,OK,HW_19 1-7,text,true,,245,158,28,28,http://5.75.203.123:5005/object_info_1?name=Tim&age=37&weight=62,125,0,57
1681220749432,118,Request_3,200,OK,HW_19 1-12,text,true,,380,242,29,29,http://5.75.203.123:5005/user_info_3,118,0,50
1681220749438,115,Request_2,200,OK,HW_19 1-18,text,true,,472,242,29,29,http://5.75.203.123:5005/user_info_2,115,0,49
1681220749440,116,Request_3,200,OK,HW_19 1-13,text,true,,380,242,29,29,http://5.75.203.123:5005/user_info_3,116,0,51
1681220749445,113,Request_1,200,OK,HW_19 1-24,text,true,,185,145,29,29,http://5.75.203.123:5005/get_method?name=Tim&age=37,113,0,49
1681220749451,121,Request_4,200,OK,HW_19 1-8,text,true,,245,158,30,30,http://5.75.203.123:5005/object_info_1?name=Tim&age=37&weight=62,121,0,55
1681220749460,113,Request_5,200,OK,HW_19 1-3,text,true,,472,160,30,30,http://5.75.203.123:5005/object_info_2?name=Tim&age=37&salary=2000,113,0,52
1681220749460,122,Request_3,200,OK,HW_19 1-14,text,true,,380,242,30,30,http://5.75.203.123:5005/user_info_3,122,0,54
1681220749459,124,Request_2,200,OK,HW_19 1-19,text,true,,472,242,30,30,http://5.75.203.123:5005/user_info_2,124,0,55
1681220749465,126,Request_1,200,OK,HW_19 1-25,text,true,,185,145,31,31,http://5.75.203.123:5005/get_method?name=Tim&age=37,126,0,60
1681220749486,117,Request_1,200,OK,HW_19 1-26,text,true,,185,145,31,31,http://5.75.203.123:5005/get_method?name=Tim&age=37,117,0,57
1681220749477,131,Request_2,200,OK,HW_19 1-20,text,true,,472,242,32,32,http://5.75.203.123:5005/user_info_2,131,0,62
1681220749488,136,Request_3,200,OK,HW_19 1-15,text,true,,380,242,32,32,http://5.75.203.123:5005/user_info_3,136,0,65
1681220749486,138,Request_5,200,OK,HW_19 1-4,text,true,,472,160,32,32,http://5.75.203.123:5005/object_info_2?name=Tim&age=37&salary=2000,138,0,65
1681220749488,138,Request_2,200,OK,HW_19 1-21,text,true,,472,242,33,33,http://5.75.203.123:5005/user_info_2,138,0,66
1681220749485,143,Request_4,200,OK,HW_19 1-9,text,true,,245,158,33,33,http://5.75.203.123:5005/object_info_1?name=Tim&age=37&weight=62,143,0,68
1681220749509,131,Request_5,200,OK,HW_19 1-5,text,true,,472,160,33,33,http://5.75.203.123:5005/object_info_2?name=Tim&age=37&salary=2000,131,0,58
1681220749513,129,Request_4,200,OK,HW_19 1-10,text,true,,245,158,33,33,http://5.75.203.123:5005/object_info_1?name=Tim&age=37&weight=62,129,0,58
1681220749506,140,Request_1,200,OK,HW_19 1-27,text,true,,185,145,34,34,http://5.75.203.123:5005/get_method?name=Tim&age=37,139,0,63
1681220749520,132,Request_5,200,OK,HW_19 1-6,text,true,,472,160,34,34,http://5.75.203.123:5005/object_info_2?name=Tim&age=37&salary=2000,132,0,62
1681220749526,128,Request_1,200,OK,HW_19 1-28,text,true,,185,145,34,34,http://5.75.203.123:5005/get_method?name=Tim&age=37,128,0,60
1681220749530,128,Request_3,200,OK,HW_19 1-17,text,true,,380,242,34,34,http://5.75.203.123:5005/user_info_3,128,0,60
1681220749530,137,Request_6,200,OK,HW_19 1-2,text,true,,531,160,35,35,http://5.75.203.123:5005/object_info_3?name=Tim&age=37&salary=2000,137,0,60
1681220749536,136,Request_2,200,OK,HW_19 1-22,text,true,,472,242,35,35,http://5.75.203.123:5005/user_info_2,136,0,59
1681220749534,140,Request_4,200,OK,HW_19 1-11,text,true,,245,158,35,35,http://5.75.203.123:5005/object_info_1?name=Tim&age=37&weight=62,140,0,61
1681220749539,138,Request_6,200,OK,HW_19 1-1,text,true,,531,160,35,35,http://5.75.203.123:5005/object_info_3?name=Tim&age=37&salary=2000,138,0,60
1681220749541,141,Request_2,200,OK,HW_19 1-23,text,true,,472,242,35,35,http://5.75.203.123:5005/user_info_2,141,0,58
1681220749536,148,Request_3,200,OK,HW_19 1-16,text,true,,380,242,35,35,http://5.75.203.123:5005/user_info_3,148,0,63
1681220749545,142,Request_1,200,OK,HW_19 1-29,text,true,,185,145,36,36,http://5.75.203.123:5005/get_method?name=Tim&age=37,142,0,68
1681220749542,147,Request_5,200,OK,HW_19 1-7,text,true,,472,160,36,36,http://5.75.203.123:5005/object_info_2?name=Tim&age=37&salary=2000,147,0,65
1681220749550,151,Request_4,200,OK,HW_19 1-12,text,true,,245,158,36,36,http://5.75.203.123:5005/object_info_1?name=Tim&age=37&weight=62,151,0,68
1681220749559,154,Request_2,200,OK,HW_19 1-24,text,true,,472,242,37,37,http://5.75.203.123:5005/user_info_2,153,0,66
1681220749553,160,Request_3,200,OK,HW_19 1-18,text,true,,380,242,37,37,http://5.75.203.123:5005/user_info_3,160,0,69
1681220749556,164,Request_4,200,OK,HW_19 1-13,text,true,,245,158,37,37,http://5.75.203.123:5005/object_info_1?name=Tim&age=37&weight=62,163,0,69
1681220749565,155,Request_1,200,OK,HW_19 1-30,text,true,,185,145,37,37,http://5.75.203.123:5005/get_method?name=Tim&age=37,155,0,63
1681220749573,152,Request_6,200,OK,HW_19 1-3,text,true,,531,160,37,37,http://5.75.203.123:5005/object_info_3?name=Tim&age=37&salary=2000,152,0,67
1681220749572,155,Request_5,200,OK,HW_19 1-8,text,true,,472,160,38,38,http://5.75.203.123:5005/object_info_2?name=Tim&age=37&salary=2000,154,0,68
1681220749584,156,Request_1,200,OK,HW_19 1-31,text,true,,185,145,38,38,http://5.75.203.123:5005/get_method?name=Tim&age=37,155,0,68
1681220749582,158,Request_4,200,OK,HW_19 1-14,text,true,,245,158,38,38,http://5.75.203.123:5005/object_info_1?name=Tim&age=37&weight=62,158,0,67
1681220749583,160,Request_3,200,OK,HW_19 1-19,text,true,,380,242,38,38,http://5.75.203.123:5005/user_info_3,160,0,72
1681220749591,167,Request_2,200,OK,HW_19 1-25,text,true,,472,242,39,39,http://5.75.203.123:5005/user_info_2,167,0,77
1681220749605,157,Request_1,200,OK,HW_19 1-32,text,true,,185,145,39,39,http://5.75.203.123:5005/get_method?name=Tim&age=37,157,0,73
1681220749609,168,Request_3,200,OK,HW_19 1-20,text,true,,380,242,40,40,http://5.75.203.123:5005/user_info_3,168,0,78
1681220749603,175,Request_2,200,OK,HW_19 1-26,text,true,,472,242,40,40,http://5.75.203.123:5005/user_info_2,175,0,82
1681220749627,163,Request_3,200,OK,HW_19 1-21,text,true,,380,242,41,41,http://5.75.203.123:5005/user_info_3,163,0,74
1681220749624,167,Request_4,200,OK,HW_19 1-15,text,true,,245,158,41,41,http://5.75.203.123:5005/object_info_1?name=Tim&age=37&weight=62,167,0,77
1681220749628,164,Request_5,200,OK,HW_19 1-9,text,true,,472,160,41,41,http://5.75.203.123:5005/object_info_2?name=Tim&age=37&salary=2000,164,0,75
1681220749624,183,Request_6,200,OK,HW_19 1-4,text,true,,531,160,42,42,http://5.75.203.123:5005/object_info_3?name=Tim&age=37&salary=2000,183,0,84
1681220749642,167,Request_5,200,OK,HW_19 1-10,text,true,,472,160,42,42,http://5.75.203.123:5005/object_info_2?name=Tim&age=37&salary=2000,167,0,79
1681220749640,172,Request_6,200,OK,HW_19 1-5,text,true,,531,160,42,42,http://5.75.203.123:5005/object_info_3?name=Tim&age=37&salary=2000,172,0,82
1681220749626,186,Request_1,200,OK,HW_19 1-33,text,true,,185,145,42,42,http://5.75.203.123:5005/get_method?name=Tim&age=37,186,0,84
1681220749646,176,Request_2,200,OK,HW_19 1-27,text,true,,472,242,42,42,http://5.75.203.123:5005/user_info_2,176,0,89
1681220749658,170,Request_4,200,OK,HW_19 1-17,text,true,,245,158,43,43,http://5.75.203.123:5005/object_info_1?name=Tim&age=37&weight=62,170,0,82
1681220749644,199,Request_1,200,OK,HW_19 1-34,text,true,,185,145,43,43,http://5.75.203.123:5005/get_method?name=Tim&age=37,199,0,91
1681220749652,193,Request_6,200,OK,HW_19 1-6,text,true,,531,160,43,43,http://5.75.203.123:5005/object_info_3?name=Tim&age=37&salary=2000,193,0,89
1681220749654,192,Request_2,200,OK,HW_19 1-28,text,true,,472,242,43,43,http://5.75.203.123:5005/user_info_2,192,0,88
1681220749665,184,Request_1,200,OK,HW_19 1-35,text,true,,185,145,44,44,http://5.75.203.123:5005/get_method?name=Tim&age=37,184,0,90
1681220749672,183,Request_3,200,OK,HW_19 1-22,text,true,,380,242,44,44,http://5.75.203.123:5005/user_info_3,183,0,83
1681220749674,186,Request_5,200,OK,HW_19 1-11,text,true,,472,160,44,44,http://5.75.203.123:5005/object_info_2?name=Tim&age=37&salary=2000,186,0,84
1681220749677,184,Request_7,200,OK,HW_19 1-1,text,true,,250,160,44,44,http://5.75.203.123:5005/object_info_4?name=Tim&age=37&salary=2000,183,0,82
1681220749682,181,Request_3,200,OK,HW_19 1-23,text,true,,380,242,43,43,http://5.75.203.123:5005/user_info_3,180,0,78
1681220749668,196,Request_7,200,OK,HW_19 1-2,text,true,,250,160,43,43,http://5.75.203.123:5005/object_info_4?name=Tim&age=37&salary=2000,196,0,87
1681220749687,189,Request_2,200,OK,HW_19 1-29,text,true,,472,242,43,43,http://5.75.203.123:5005/user_info_2,189,0,85
1681220749685,194,Request_1,200,OK,HW_19 1-36,text,true,,185,145,43,43,http://5.75.203.123:5005/get_method?name=Tim&age=37,194,0,86
1681220749689,191,Request_6,200,OK,HW_19 1-7,text,true,,531,160,43,43,http://5.75.203.123:5005/object_info_3?name=Tim&age=37&salary=2000,191,0,83
1681220749684,199,Request_4,200,OK,HW_19 1-16,text,true,,245,158,43,43,http://5.75.203.123:5005/object_info_1?name=Tim&age=37&weight=62,199,0,88
1681220749701,185,Request_5,200,OK,HW_19 1-12,text,true,,472,160,44,44,http://5.75.203.123:5005/object_info_2?name=Tim&age=37&salary=2000,185,0,84
1681220749706,191,Request_1,200,OK,HW_19 1-37,text,true,,185,145,44,44,http://5.75.203.123:5005/get_method?name=Tim&age=37,191,0,92
1681220749713,187,Request_4,200,OK,HW_19 1-18,text,true,,245,158,44,44,http://5.75.203.123:5005/object_info_1?name=Tim&age=37&weight=62,187,0,85
1681220749725,197,Request_7,200,OK,HW_19 1-3,text,true,,250,160,45,45,http://5.75.203.123:5005/object_info_4?name=Tim&age=37&salary=2000,196,0,88
1681220749713,217,Request_3,200,OK,HW_19 1-24,text,true,,380,242,45,45,http://5.75.203.123:5005/user_info_3,217,0,94
1681220749726,208,Request_1,200,OK,HW_19 1-38,text,true,,185,145,45,45,http://5.75.203.123:5005/get_method?name=Tim&age=37,208,0,90
1681220749720,214,Request_5,200,OK,HW_19 1-13,text,true,,472,160,45,45,http://5.75.203.123:5005/object_info_2?name=Tim&age=37&salary=2000,214,0,89
1681220749727,209,Request_6,200,OK,HW_19 1-8,text,true,,531,160,45,45,http://5.75.203.123:5005/object_info_3?name=Tim&age=37&salary=2000,209,0,90
1681220749720,218,Request_2,200,OK,HW_19 1-30,text,true,,472,242,45,45,http://5.75.203.123:5005/user_info_2,218,0,90
1681220749744,195,Request_4,200,OK,HW_19 1-19,text,true,,245,158,45,45,http://5.75.203.123:5005/object_info_1?name=Tim&age=37&weight=62,195,0,78
1681220749740,201,Request_2,200,OK,HW_19 1-31,text,true,,472,242,45,45,http://5.75.203.123:5005/user_info_2,201,0,78
1681220749745,218,Request_1,200,OK,HW_19 1-39,text,true,,185,145,46,46,http://5.75.203.123:5005/get_method?name=Tim&age=37,217,0,102
1681220749740,225,Request_5,200,OK,HW_19 1-14,text,true,,472,160,46,46,http://5.75.203.123:5005/object_info_2?name=Tim&age=37&salary=2000,225,0,86
1681220749758,221,Request_3,200,OK,HW_19 1-25,text,true,,380,242,47,47,http://5.75.203.123:5005/user_info_3,221,0,103
1681220749778,211,Request_3,200,OK,HW_19 1-26,text,true,,380,242,47,47,http://5.75.203.123:5005/user_info_3,211,0,105
1681220749765,226,Request_1,200,OK,HW_19 1-40,text,true,,185,145,47,47,http://5.75.203.123:5005/get_method?name=Tim&age=37,226,0,112
1681220749790,203,Request_4,200,OK,HW_19 1-21,text,true,,245,158,47,47,http://5.75.203.123:5005/object_info_1?name=Tim&age=37&weight=62,203,0,95
1681220749762,235,Request_2,200,OK,HW_19 1-32,text,true,,472,242,47,47,http://5.75.203.123:5005/user_info_2,235,0,115
1681220749791,220,Request_5,200,OK,HW_19 1-15,text,true,,472,160,47,47,http://5.75.203.123:5005/object_info_2?name=Tim&age=37&salary=2000,220,0,96
1681220749777,236,Request_4,200,OK,HW_19 1-20,text,true,,245,158,47,47,http://5.75.203.123:5005/object_info_1?name=Tim&age=37&weight=62,236,0,110
1681220749785,229,Request_1,200,OK,HW_19 1-41,text,true,,185,145,47,47,http://5.75.203.123:5005/get_method?name=Tim&age=37,229,0,102
1681220749792,231,Request_6,200,OK,HW_19 1-9,text,true,,531,160,47,47,http://5.75.203.123:5005/object_info_3?name=Tim&age=37&salary=2000,231,0,99
1681220749806,226,Request_1,200,OK,HW_19 1-42,text,true,,185,145,47,47,http://5.75.203.123:5005/get_method?name=Tim&age=37,226,0,108
1681220749813,226,Request_2,200,OK,HW_19 1-33,text,true,,472,242,47,47,http://5.75.203.123:5005/user_info_2,226,0,102
1681220749807,234,Request_7,200,OK,HW_19 1-4,text,true,,250,160,47,47,http://5.75.203.123:5005/object_info_4?name=Tim&age=37&salary=2000,234,0,108
1681220749809,234,Request_6,200,OK,HW_19 1-10,text,true,,531,160,46,46,http://5.75.203.123:5005/object_info_3?name=Tim&age=37&salary=2000,234,0,109
1681220749812,238,Request_7,200,OK,HW_19 1-5,text,true,,250,160,46,46,http://5.75.203.123:5005/object_info_4?name=Tim&age=37&salary=2000,238,0,115
1681220749822,230,Request_3,200,OK,HW_19 1-27,text,true,,380,242,45,45,http://5.75.203.123:5005/user_info_3,229,0,114
1681220749826,233,Request_1,200,OK,HW_19 1-43,text,true,,185,145,45,45,http://5.75.203.123:5005/get_method?name=Tim&age=37,233,0,123
1681220749849,222,Request_2,200,OK,HW_19 1-35,text,true,,472,242,45,45,http://5.75.203.123:5005/user_info_2,222,0,103
1681220749843,230,Request_2,200,OK,HW_19 1-34,text,true,,472,242,45,45,http://5.75.203.123:5005/user_info_2,230,0,107
1681220749846,228,Request_3,200,OK,HW_19 1-28,text,true,,380,242,45,45,http://5.75.203.123:5005/user_info_3,228,0,104
1681220749828,249,Request_5,200,OK,HW_19 1-17,text,true,,472,160,45,45,http://5.75.203.123:5005/object_info_2?name=Tim&age=37&salary=2000,249,0,126
1681220749845,245,Request_7,200,OK,HW_19 1-6,text,true,,250,160,45,45,http://5.75.203.123:5005/object_info_4?name=Tim&age=37&salary=2000,245,0,116
1681220749847,251,Request_1,200,OK,HW_19 1-44,text,true,,185,145,44,44,http://5.75.203.123:5005/get_method?name=Tim&age=37,250,0,118
1681220749860,240,Request_6,200,OK,HW_19 1-11,text,true,,531,160,44,44,http://5.75.203.123:5005/object_info_3?name=Tim&age=37&salary=2000,240,0,106
1681220749856,257,Request_4,200,OK,HW_19 1-22,text,true,,245,158,44,44,http://5.75.203.123:5005/object_info_1?name=Tim&age=37&weight=62,256,0,110
1681220749877,239,Request_3,200,OK,HW_19 1-29,text,true,,380,242,44,44,http://5.75.203.123:5005/user_info_3,239,0,103
1681220749866,254,Request_1,200,OK,HW_19 1-45,text,true,,185,145,44,44,http://5.75.203.123:5005/get_method?name=Tim&age=37,254,0,102
1681220749880,248,Request_7,200,OK,HW_19 1-7,text,true,,250,160,44,44,http://5.75.203.123:5005/object_info_4?name=Tim&age=37&salary=2000,248,0,100
1681220749879,253,Request_2,200,OK,HW_19 1-36,text,true,,472,242,43,43,http://5.75.203.123:5005/user_info_2,253,0,101
1681220749863,270,Request_4,200,OK,HW_19 1-23,text,true,,245,158,43,43,http://5.75.203.123:5005/object_info_1?name=Tim&age=37&weight=62,270,0,105
1681220749883,252,Request_5,200,OK,HW_19 1-16,text,true,,472,160,43,43,http://5.75.203.123:5005/object_info_2?name=Tim&age=37&salary=2000,252,0,97
1681220749885,253,Request_1,200,OK,HW_19 1-46,text,true,,185,145,43,43,http://5.75.203.123:5005/get_method?name=Tim&age=37,253,0,101
1681220749886,252,Request_6,200,OK,HW_19 1-12,text,true,,531,160,43,43,http://5.75.203.123:5005/object_info_3?name=Tim&age=37&salary=2000,252,0,105
1681220749897,245,Request_2,200,OK,HW_19 1-37,text,true,,472,242,43,43,http://5.75.203.123:5005/user_info_2,245,0,126
1681220749930,242,Request_4,200,OK,HW_19 1-24,text,true,,245,158,43,43,http://5.75.203.123:5005/object_info_1?name=Tim&age=37&weight=62,242,0,107
1681220749900,273,Request_5,200,OK,HW_19 1-18,text,true,,472,160,43,43,http://5.75.203.123:5005/object_info_2?name=Tim&age=37&salary=2000,273,0,127
1681220749936,240,Request_7,200,OK,HW_19 1-8,text,true,,250,160,43,43,http://5.75.203.123:5005/object_info_4?name=Tim&age=37&salary=2000,240,0,104
1681220749905,275,Request_1,200,OK,HW_19 1-47,text,true,,185,145,42,42,http://5.75.203.123:5005/get_method?name=Tim&age=37,275,0,123
1681220749926,256,Request_1,200,OK,HW_19 1-48,text,true,,185,145,42,42,http://5.75.203.123:5005/get_method?name=Tim&age=37,256,0,113
1681220749938,246,Request_3,200,OK,HW_19 1-30,text,true,,380,242,42,42,http://5.75.203.123:5005/user_info_3,245,0,108
1681220749941,246,Request_3,200,OK,HW_19 1-31,text,true,,380,242,42,42,http://5.75.203.123:5005/user_info_3,246,0,105
1681220749934,257,Request_2,200,OK,HW_19 1-38,text,true,,472,242,42,42,http://5.75.203.123:5005/user_info_2,257,0,112
1681220749939,254,Request_5,200,OK,HW_19 1-19,text,true,,472,160,42,42,http://5.75.203.123:5005/object_info_2?name=Tim&age=37&salary=2000,254,0,111
1681220749934,262,Request_6,200,OK,HW_19 1-13,text,true,,531,160,42,42,http://5.75.203.123:5005/object_info_3?name=Tim&age=37&salary=2000,262,0,114
1681220749946,253,Request_1,200,OK,HW_19 1-49,text,true,,185,145,42,42,http://5.75.203.123:5005/get_method?name=Tim&age=37,253,0,107
1681220749963,253,Request_2,200,OK,HW_19 1-39,text,true,,472,242,42,42,http://5.75.203.123:5005/user_info_2,253,0,115
1681220749966,253,Request_1,200,OK,HW_19 1-50,text,true,,185,145,42,42,http://5.75.203.123:5005/get_method?name=Tim&age=37,253,0,125
1681220749965,258,Request_6,200,OK,HW_19 1-14,text,true,,531,160,42,42,http://5.75.203.123:5005/object_info_3?name=Tim&age=37&salary=2000,258,0,128
1681220749997,240,Request_3,200,OK,HW_19 1-32,text,true,,380,242,42,42,http://5.75.203.123:5005/user_info_3,240,0,130
1681220749989,255,Request_4,200,OK,HW_19 1-26,text,true,,245,158,42,42,http://5.75.203.123:5005/object_info_1?name=Tim&age=37&weight=62,255,0,139
1681220749979,270,Request_4,200,OK,HW_19 1-25,text,true,,245,158,42,42,http://5.75.203.123:5005/object_info_1?name=Tim&age=37&weight=62,269,0,135
1681220749993,257,Request_5,200,OK,HW_19 1-21,text,true,,472,160,42,42,http://5.75.203.123:5005/object_info_2?name=Tim&age=37&salary=2000,257,0,135
1681220750013,245,Request_5,200,OK,HW_19 1-20,text,true,,472,160,42,42,http://5.75.203.123:5005/object_info_2?name=Tim&age=37&salary=2000,245,0,126
1681220749991,268,Request_2,200,OK,HW_19 1-40,text,true,,472,242,42,42,http://5.75.203.123:5005/user_info_2,267,0,138
1681220750015,244,Request_2,200,OK,HW_19 1-41,text,true,,472,242,42,42,http://5.75.203.123:5005/user_info_2,244,0,124
1681220750023,238,Request_7,200,OK,HW_19 1-9,text,true,,250,160,42,42,http://5.75.203.123:5005/object_info_4?name=Tim&age=37&salary=2000,238,0,116
1681220750011,253,Request_6,200,OK,HW_19 1-15,text,true,,531,160,41,41,http://5.75.203.123:5005/object_info_3?name=Tim&age=37&salary=2000,253,0,129
1681220750032,262,Request_2,200,OK,HW_19 1-42,text,true,,472,242,41,41,http://5.75.203.123:5005/user_info_2,262,0,116
1681220750043,258,Request_7,200,OK,HW_19 1-10,text,true,,250,160,41,41,http://5.75.203.123:5005/object_info_4?name=Tim&age=37&salary=2000,258,0,128
1681220750039,266,Request_3,200,OK,HW_19 1-33,text,true,,380,242,40,40,http://5.75.203.123:5005/user_info_3,266,0,126
1681220750059,246,Request_2,200,OK,HW_19 1-43,text,true,,472,242,40,40,http://5.75.203.123:5005/user_info_2,246,0,131
1681220750052,256,Request_4,200,OK,HW_19 1-27,text,true,,245,158,40,40,http://5.75.203.123:5005/object_info_1?name=Tim&age=37&weight=62,256,0,141
1681220750073,241,Request_3,200,OK,HW_19 1-34,text,true,,380,242,40,40,http://5.75.203.123:5005/user_info_3,241,0,138
1681220750077,240,Request_6,200,OK,HW_19 1-17,text,true,,531,160,40,40,http://5.75.203.123:5005/object_info_3?name=Tim&age=37&salary=2000,240,0,135
1681220750071,252,Request_3,200,OK,HW_19 1-35,text,true,,380,242,40,40,http://5.75.203.123:5005/user_info_3,252,0,140
1681220750074,260,Request_4,200,OK,HW_19 1-28,text,true,,245,158,40,40,http://5.75.203.123:5005/object_info_1?name=Tim&age=37&weight=62,260,0,138
1681220750098,257,Request_2,200,OK,HW_19 1-44,text,true,,472,242,40,40,http://5.75.203.123:5005/user_info_2,257,0,121
1681220750113,253,Request_5,200,OK,HW_19 1-22,text,true,,472,160,40,40,http://5.75.203.123:5005/object_info_2?name=Tim&age=37&salary=2000,253,0,117
1681220750116,253,Request_4,200,OK,HW_19 1-29,text,true,,245,158,40,40,http://5.75.203.123:5005/object_info_1?name=Tim&age=37&weight=62,253,0,116
1681220750100,271,Request_7,200,OK,HW_19 1-11,text,true,,250,160,40,40,http://5.75.203.123:5005/object_info_4?name=Tim&age=37&salary=2000,271,0,121
1681220750135,243,Request_6,200,OK,HW_19 1-16,text,true,,531,160,39,39,http://5.75.203.123:5005/object_info_3?name=Tim&age=37&salary=2000,243,0,102
1681220750138,240,Request_2,200,OK,HW_19 1-46,text,true,,472,242,39,39,http://5.75.203.123:5005/user_info_2,240,0,101
1681220750120,262,Request_2,200,OK,HW_19 1-45,text,true,,472,242,39,39,http://5.75.203.123:5005/user_info_2,261,0,114
1681220750132,253,Request_3,200,OK,HW_19 1-36,text,true,,380,242,39,39,http://5.75.203.123:5005/user_info_3,253,0,111
1681220750143,244,Request_3,200,OK,HW_19 1-37,text,true,,380,242,39,39,http://5.75.203.123:5005/user_info_3,244,0,114
1681220750133,255,Request_5,200,OK,HW_19 1-23,text,true,,472,160,39,39,http://5.75.203.123:5005/object_info_2?name=Tim&age=37&salary=2000,255,0,118
1681220750138,268,Request_7,200,OK,HW_19 1-12,text,true,,250,160,39,39,http://5.75.203.123:5005/object_info_4?name=Tim&age=37&salary=2000,268,0,117
1681220750172,237,Request_5,200,OK,HW_19 1-24,text,true,,472,160,38,38,http://5.75.203.123:5005/object_info_2?name=Tim&age=37&salary=2000,237,0,119
1681220750182,231,Request_2,200,OK,HW_19 1-48,text,true,,472,242,38,38,http://5.75.203.123:5005/user_info_2,231,0,113
1681220750191,228,Request_3,200,OK,HW_19 1-38,text,true,,380,242,38,38,http://5.75.203.123:5005/user_info_3,228,0,107
1681220750180,241,Request_2,200,OK,HW_19 1-47,text,true,,472,242,38,38,http://5.75.203.123:5005/user_info_2,241,0,118
1681220750174,254,Request_6,200,OK,HW_19 1-18,text,true,,531,160,38,38,http://5.75.203.123:5005/object_info_3?name=Tim&age=37&salary=2000,254,0,127
1681220750184,247,Request_4,200,OK,HW_19 1-30,text,true,,245,158,38,38,http://5.75.203.123:5005/object_info_1?name=Tim&age=37&weight=62,247,0,118
1681220750187,249,Request_4,200,OK,HW_19 1-31,text,true,,245,158,38,38,http://5.75.203.123:5005/object_info_1?name=Tim&age=37&weight=62,249,0,115
1681220750193,248,Request_6,200,OK,HW_19 1-19,text,true,,531,160,38,38,http://5.75.203.123:5005/object_info_3?name=Tim&age=37&salary=2000,248,0,112
1681220750199,252,Request_2,200,OK,HW_19 1-49,text,true,,472,242,38,38,http://5.75.203.123:5005/user_info_2,251,0,111
1681220750196,270,Request_7,200,OK,HW_19 1-13,text,true,,250,160,38,38,http://5.75.203.123:5005/object_info_4?name=Tim&age=37&salary=2000,269,0,115
1681220750219,251,Request_2,200,OK,HW_19 1-50,text,true,,472,242,37,37,http://5.75.203.123:5005/user_info_2,250,0,124
1681220750223,247,Request_7,200,OK,HW_19 1-14,text,true,,250,160,37,37,http://5.75.203.123:5005/object_info_4?name=Tim&age=37&salary=2000,246,0,120
1681220750216,257,Request_3,200,OK,HW_19 1-39,text,true,,380,242,36,36,http://5.75.203.123:5005/user_info_3,256,0,128
1681220750237,239,Request_4,200,OK,HW_19 1-32,text,true,,245,158,36,36,http://5.75.203.123:5005/object_info_1?name=Tim&age=37&weight=62,239,0,119
1681220750244,238,Request_5,200,OK,HW_19 1-26,text,true,,472,160,36,36,http://5.75.203.123:5005/object_info_2?name=Tim&age=37&salary=2000,238,0,122
1681220750250,235,Request_6,200,OK,HW_19 1-21,text,true,,531,160,36,36,http://5.75.203.123:5005/object_info_3?name=Tim&age=37&salary=2000,235,0,118
1681220750259,232,Request_3,200,OK,HW_19 1-40,text,true,,380,242,36,36,http://5.75.203.123:5005/user_info_3,232,0,117
1681220750249,243,Request_5,200,OK,HW_19 1-25,text,true,,472,160,36,36,http://5.75.203.123:5005/object_info_2?name=Tim&age=37&salary=2000,243,0,122
1681220750258,238,Request_6,200,OK,HW_19 1-20,text,true,,531,160,36,36,http://5.75.203.123:5005/object_info_3?name=Tim&age=37&salary=2000,238,0,120
1681220750259,241,Request_3,200,OK,HW_19 1-41,text,true,,380,242,36,36,http://5.75.203.123:5005/user_info_3,241,0,123
1681220750264,238,Request_7,200,OK,HW_19 1-15,text,true,,250,160,36,36,http://5.75.203.123:5005/object_info_4?name=Tim&age=37&salary=2000,238,0,118
1681220750294,231,Request_3,200,OK,HW_19 1-42,text,true,,380,242,35,35,http://5.75.203.123:5005/user_info_3,231,0,117
1681220750305,224,Request_4,200,OK,HW_19 1-33,text,true,,245,158,35,35,http://5.75.203.123:5005/object_info_1?name=Tim&age=37&weight=62,224,0,116
1681220750309,234,Request_5,200,OK,HW_19 1-27,text,true,,472,160,35,35,http://5.75.203.123:5005/object_info_2?name=Tim&age=37&salary=2000,234,0,117
1681220750305,243,Request_3,200,OK,HW_19 1-43,text,true,,380,242,35,35,http://5.75.203.123:5005/user_info_3,243,0,121
1681220750317,233,Request_7,200,OK,HW_19 1-17,text,true,,250,160,35,35,http://5.75.203.123:5005/object_info_4?name=Tim&age=37&salary=2000,233,0,116
1681220750314,239,Request_4,200,OK,HW_19 1-34,text,true,,245,158,34,34,http://5.75.203.123:5005/object_info_1?name=Tim&age=37&weight=62,239,0,122
1681220750323,234,Request_4,200,OK,HW_19 1-35,text,true,,245,158,34,34,http://5.75.203.123:5005/object_info_1?name=Tim&age=37&weight=62,234,0,116
1681220750334,241,Request_5,200,OK,HW_19 1-28,text,true,,472,160,34,34,http://5.75.203.123:5005/object_info_2?name=Tim&age=37&salary=2000,241,0,131
1681220750355,224,Request_3,200,OK,HW_19 1-44,text,true,,380,242,34,34,http://5.75.203.123:5005/user_info_3,224,0,120
1681220750366,216,Request_6,200,OK,HW_19 1-22,text,true,,531,160,34,34,http://5.75.203.123:5005/object_info_3?name=Tim&age=37&salary=2000,216,0,112
1681220750378,208,Request_7,200,OK,HW_19 1-16,text,true,,250,160,34,34,http://5.75.203.123:5005/object_info_4?name=Tim&age=37&salary=2000,208,0,109
1681220750382,225,Request_3,200,OK,HW_19 1-45,text,true,,380,242,33,33,http://5.75.203.123:5005/user_info_3,225,0,107
1681220750378,229,Request_3,200,OK,HW_19 1-46,text,true,,380,242,33,33,http://5.75.203.123:5005/user_info_3,229,0,111
1681220750369,240,Request_5,200,OK,HW_19 1-29,text,true,,472,160,33,33,http://5.75.203.123:5005/object_info_2?name=Tim&age=37&salary=2000,240,0,117
1681220750385,232,Request_4,200,OK,HW_19 1-36,text,true,,245,158,33,33,http://5.75.203.123:5005/object_info_1?name=Tim&age=37&weight=62,232,0,125
1681220750387,232,Request_4,200,OK,HW_19 1-37,text,true,,245,158,33,33,http://5.75.203.123:5005/object_info_1?name=Tim&age=37&weight=62,232,0,124
1681220750389,232,Request_6,200,OK,HW_19 1-23,text,true,,531,160,33,33,http://5.75.203.123:5005/object_info_3?name=Tim&age=37&salary=2000,232,0,122
1681220750420,205,Request_4,200,OK,HW_19 1-38,text,true,,245,158,33,33,http://5.75.203.123:5005/object_info_1?name=Tim&age=37&weight=62,205,0,102
1681220750409,220,Request_6,200,OK,HW_19 1-24,text,true,,531,160,33,33,http://5.75.203.123:5005/object_info_3?name=Tim&age=37&salary=2000,220,0,113
1681220750413,237,Request_3,200,OK,HW_19 1-48,text,true,,380,242,33,33,http://5.75.203.123:5005/user_info_3,237,0,113
1681220750428,224,Request_7,200,OK,HW_19 1-18,text,true,,250,160,33,33,http://5.75.203.123:5005/object_info_4?name=Tim&age=37&salary=2000,224,0,110
1681220750431,223,Request_5,200,OK,HW_19 1-30,text,true,,472,160,32,32,http://5.75.203.123:5005/object_info_2?name=Tim&age=37&salary=2000,223,0,109
1681220750421,235,Request_3,200,OK,HW_19 1-47,text,true,,380,242,32,32,http://5.75.203.123:5005/user_info_3,235,0,108
1681220750436,222,Request_5,200,OK,HW_19 1-31,text,true,,472,160,32,32,http://5.75.203.123:5005/object_info_2?name=Tim&age=37&salary=2000,222,0,108
1681220750441,222,Request_7,200,OK,HW_19 1-19,text,true,,250,160,32,32,http://5.75.203.123:5005/object_info_4?name=Tim&age=37&salary=2000,221,0,114
1681220750451,232,Request_3,200,OK,HW_19 1-49,text,true,,380,242,31,31,http://5.75.203.123:5005/user_info_3,232,0,116
1681220750473,214,Request_4,200,OK,HW_19 1-39,text,true,,245,158,31,31,http://5.75.203.123:5005/object_info_1?name=Tim&age=37&weight=62,214,0,103
1681220750482,209,Request_6,200,OK,HW_19 1-26,text,true,,531,160,31,31,http://5.75.203.123:5005/object_info_3?name=Tim&age=37&salary=2000,209,0,97
1681220750476,219,Request_5,200,OK,HW_19 1-32,text,true,,472,160,31,31,http://5.75.203.123:5005/object_info_2?name=Tim&age=37&salary=2000,219,0,104
1681220750470,227,Request_3,200,OK,HW_19 1-50,text,true,,380,242,31,31,http://5.75.203.123:5005/user_info_3,227,0,109
1681220750485,214,Request_7,200,OK,HW_19 1-21,text,true,,250,160,31,31,http://5.75.203.123:5005/object_info_4?name=Tim&age=37&salary=2000,214,0,97
1681220750496,206,Request_7,200,OK,HW_19 1-20,text,true,,250,160,30,30,http://5.75.203.123:5005/object_info_4?name=Tim&age=37&salary=2000,206,0,106
1681220750501,214,Request_4,200,OK,HW_19 1-41,text,true,,245,158,29,29,http://5.75.203.123:5005/object_info_1?name=Tim&age=37&weight=62,213,0,103
1681220750491,227,Request_4,200,OK,HW_19 1-40,text,true,,245,158,29,29,http://5.75.203.123:5005/object_info_1?name=Tim&age=37&weight=62,227,0,114
1681220750492,231,Request_6,200,OK,HW_19 1-25,text,true,,531,160,29,29,http://5.75.203.123:5005/object_info_3?name=Tim&age=37&salary=2000,231,0,117
1681220750529,213,Request_5,200,OK,HW_19 1-33,text,true,,472,160,29,29,http://5.75.203.123:5005/object_info_2?name=Tim&age=37&salary=2000,213,0,109
1681220750526,221,Request_4,200,OK,HW_19 1-42,text,true,,245,158,29,29,http://5.75.203.123:5005/object_info_1?name=Tim&age=37&weight=62,221,0,112
1681220750543,209,Request_6,200,OK,HW_19 1-27,text,true,,531,160,29,29,http://5.75.203.123:5005/object_info_3?name=Tim&age=37&salary=2000,209,0,110
1681220750553,208,Request_5,200,OK,HW_19 1-34,text,true,,472,160,29,29,http://5.75.203.123:5005/object_info_2?name=Tim&age=37&salary=2000,208,0,105
1681220750548,215,Request_4,200,OK,HW_19 1-43,text,true,,245,158,29,29,http://5.75.203.123:5005/object_info_1?name=Tim&age=37&weight=62,215,0,111
1681220750557,209,Request_5,200,OK,HW_19 1-35,text,true,,472,160,29,29,http://5.75.203.123:5005/object_info_2?name=Tim&age=37&salary=2000,209,0,102
1681220750575,205,Request_6,200,OK,HW_19 1-28,text,true,,531,160,29,29,http://5.75.203.123:5005/object_info_3?name=Tim&age=37&salary=2000,205,0,96
1681220750582,204,Request_7,200,OK,HW_19 1-22,text,true,,250,160,29,29,http://5.75.203.123:5005/object_info_4?name=Tim&age=37&salary=2000,204,0,109
1681220750580,209,Request_4,200,OK,HW_19 1-44,text,true,,245,158,28,28,http://5.75.203.123:5005/object_info_1?name=Tim&age=37&weight=62,209,0,113
1681220750621,180,Request_7,200,OK,HW_19 1-23,text,true,,250,160,28,28,http://5.75.203.123:5005/object_info_4?name=Tim&age=37&salary=2000,180,0,95
1681220750618,196,Request_5,200,OK,HW_19 1-36,text,true,,472,160,27,27,http://5.75.203.123:5005/object_info_2?name=Tim&age=37&salary=2000,196,0,101
1681220750607,212,Request_4,200,OK,HW_19 1-45,text,true,,245,158,27,27,http://5.75.203.123:5005/object_info_1?name=Tim&age=37&weight=62,212,0,112
1681220750607,214,Request_4,200,OK,HW_19 1-46,text,true,,245,158,27,27,http://5.75.203.123:5005/object_info_1?name=Tim&age=37&weight=62,214,0,112
1681220750619,206,Request_5,200,OK,HW_19 1-37,text,true,,472,160,27,27,http://5.75.203.123:5005/object_info_2?name=Tim&age=37&salary=2000,206,0,103
1681220750609,217,Request_6,200,OK,HW_19 1-29,text,true,,531,160,27,27,http://5.75.203.123:5005/object_info_3?name=Tim&age=37&salary=2000,217,0,112
1681220750626,207,Request_5,200,OK,HW_19 1-38,text,true,,472,160,27,27,http://5.75.203.123:5005/object_info_2?name=Tim&age=37&salary=2000,207,0,117
1681220750650,190,Request_4,200,OK,HW_19 1-48,text,true,,245,158,27,27,http://5.75.203.123:5005/object_info_1?name=Tim&age=37&weight=62,190,0,98
1681220750655,191,Request_6,200,OK,HW_19 1-30,text,true,,531,160,27,27,http://5.75.203.123:5005/object_info_3?name=Tim&age=37&salary=2000,191,0,93
1681220750658,192,Request_6,200,OK,HW_19 1-31,text,true,,531,160,27,27,http://5.75.203.123:5005/object_info_3?name=Tim&age=37&salary=2000,192,0,92
1681220750629,222,Request_7,200,OK,HW_19 1-24,text,true,,250,160,27,27,http://5.75.203.123:5005/object_info_4?name=Tim&age=37&salary=2000,222,0,119
1681220750656,205,Request_4,200,OK,HW_19 1-47,text,true,,245,158,26,26,http://5.75.203.123:5005/object_info_1?name=Tim&age=37&weight=62,204,0,99
1681220750684,181,Request_4,200,OK,HW_19 1-49,text,true,,245,158,26,26,http://5.75.203.123:5005/object_info_1?name=Tim&age=37&weight=62,181,0,94
1681220750697,172,Request_4,200,OK,HW_19 1-50,text,true,,245,158,26,26,http://5.75.203.123:5005/object_info_1?name=Tim&age=37&weight=62,172,0,85
1681220750695,189,Request_6,200,OK,HW_19 1-32,text,true,,531,160,26,26,http://5.75.203.123:5005/object_info_3?name=Tim&age=37&salary=2000,189,0,88
1681220750688,197,Request_5,200,OK,HW_19 1-39,text,true,,472,160,26,26,http://5.75.203.123:5005/object_info_2?name=Tim&age=37&salary=2000,197,0,92
1681220750718,177,Request_5,200,OK,HW_19 1-40,text,true,,472,160,26,26,http://5.75.203.123:5005/object_info_2?name=Tim&age=37&salary=2000,177,0,83
1681220750691,206,Request_7,200,OK,HW_19 1-26,text,true,,250,160,26,26,http://5.75.203.123:5005/object_info_4?name=Tim&age=37&salary=2000,206,0,95
1681220750715,184,Request_5,200,OK,HW_19 1-41,text,true,,472,160,25,25,http://5.75.203.123:5005/object_info_2?name=Tim&age=37&salary=2000,184,0,84
1681220750723,190,Request_7,200,OK,HW_19 1-25,text,true,,250,160,25,25,http://5.75.203.123:5005/object_info_4?name=Tim&age=37&salary=2000,190,0,97
1681220750743,178,Request_6,200,OK,HW_19 1-33,text,true,,531,160,24,24,http://5.75.203.123:5005/object_info_3?name=Tim&age=37&salary=2000,178,0,83
1681220750747,179,Request_5,200,OK,HW_19 1-42,text,true,,472,160,24,24,http://5.75.203.123:5005/object_info_2?name=Tim&age=37&salary=2000,179,0,87
1681220750763,173,Request_5,200,OK,HW_19 1-43,text,true,,472,160,24,24,http://5.75.203.123:5005/object_info_2?name=Tim&age=37&salary=2000,173,0,84
1681220750752,197,Request_7,200,OK,HW_19 1-27,text,true,,250,160,24,24,http://5.75.203.123:5005/object_info_4?name=Tim&age=37&salary=2000,197,0,95
1681220750766,185,Request_6,200,OK,HW_19 1-35,text,true,,531,160,23,23,http://5.75.203.123:5005/object_info_3?name=Tim&age=37&salary=2000,185,0,95
1681220750761,192,Request_6,200,OK,HW_19 1-34,text,true,,531,160,23,23,http://5.75.203.123:5005/object_info_3?name=Tim&age=37&salary=2000,192,0,98
1681220750780,181,Request_7,200,OK,HW_19 1-28,text,true,,250,160,23,23,http://5.75.203.123:5005/object_info_4?name=Tim&age=37&salary=2000,181,0,86
1681220750790,187,Request_5,200,OK,HW_19 1-44,text,true,,472,160,22,22,http://5.75.203.123:5005/object_info_2?name=Tim&age=37&salary=2000,187,0,95
1681220750814,167,Request_6,200,OK,HW_19 1-36,text,true,,531,160,22,22,http://5.75.203.123:5005/object_info_3?name=Tim&age=37&salary=2000,167,0,85
1681220750821,164,Request_5,200,OK,HW_19 1-46,text,true,,472,160,22,22,http://5.75.203.123:5005/object_info_2?name=Tim&age=37&salary=2000,164,0,79
1681220750819,168,Request_5,200,OK,HW_19 1-45,text,true,,472,160,22,22,http://5.75.203.123:5005/object_info_2?name=Tim&age=37&salary=2000,168,0,81
1681220750826,167,Request_6,200,OK,HW_19 1-37,text,true,,531,160,22,22,http://5.75.203.123:5005/object_info_3?name=Tim&age=37&salary=2000,167,0,87
1681220750833,164,Request_6,200,OK,HW_19 1-38,text,true,,531,160,22,22,http://5.75.203.123:5005/object_info_3?name=Tim&age=37&salary=2000,164,0,85
1681220750840,161,Request_5,200,OK,HW_19 1-48,text,true,,472,160,22,22,http://5.75.203.123:5005/object_info_2?name=Tim&age=37&salary=2000,161,0,83
1681220750826,184,Request_7,200,OK,HW_19 1-29,text,true,,250,160,22,22,http://5.75.203.123:5005/object_info_4?name=Tim&age=37&salary=2000,184,0,98
1681220750847,169,Request_7,200,OK,HW_19 1-30,text,true,,250,160,21,21,http://5.75.203.123:5005/object_info_4?name=Tim&age=37&salary=2000,169,0,87
1681220750851,167,Request_7,200,OK,HW_19 1-31,text,true,,250,160,20,20,http://5.75.203.123:5005/object_info_4?name=Tim&age=37&salary=2000,167,0,84
1681220750861,161,Request_5,200,OK,HW_19 1-47,text,true,,472,160,19,19,http://5.75.203.123:5005/object_info_2?name=Tim&age=37&salary=2000,161,0,79
1681220750869,163,Request_5,200,OK,HW_19 1-50,text,true,,472,160,19,19,http://5.75.203.123:5005/object_info_2?name=Tim&age=37&salary=2000,163,0,90
1681220750865,181,Request_5,200,OK,HW_19 1-49,text,true,,472,160,19,19,http://5.75.203.123:5005/object_info_2?name=Tim&age=37&salary=2000,181,0,96
1681220750899,148,Request_6,200,OK,HW_19 1-41,text,true,,531,160,19,19,http://5.75.203.123:5005/object_info_3?name=Tim&age=37&salary=2000,147,0,64
1681220750885,164,Request_6,200,OK,HW_19 1-39,text,true,,531,160,19,19,http://5.75.203.123:5005/object_info_3?name=Tim&age=37&salary=2000,164,0,77
1681220750884,167,Request_7,200,OK,HW_19 1-32,text,true,,250,160,19,19,http://5.75.203.123:5005/object_info_4?name=Tim&age=37&salary=2000,166,0,78
1681220750895,163,Request_6,200,OK,HW_19 1-40,text,true,,531,160,18,18,http://5.75.203.123:5005/object_info_3?name=Tim&age=37&salary=2000,163,0,84
1681220750922,174,Request_7,200,OK,HW_19 1-33,text,true,,250,160,18,18,http://5.75.203.123:5005/object_info_4?name=Tim&age=37&salary=2000,174,0,75
1681220750926,170,Request_6,200,OK,HW_19 1-42,text,true,,531,160,17,17,http://5.75.203.123:5005/object_info_3?name=Tim&age=37&salary=2000,170,0,85
1681220750937,159,Request_6,200,OK,HW_19 1-43,text,true,,531,160,17,17,http://5.75.203.123:5005/object_info_3?name=Tim&age=37&salary=2000,159,0,79
1681220750951,146,Request_7,200,OK,HW_19 1-35,text,true,,250,160,17,17,http://5.75.203.123:5005/object_info_4?name=Tim&age=37&salary=2000,146,0,77
1681220750953,150,Request_7,200,OK,HW_19 1-34,text,true,,250,160,16,16,http://5.75.203.123:5005/object_info_4?name=Tim&age=37&salary=2000,150,0,75
1681220750977,139,Request_6,200,OK,HW_19 1-44,text,true,,531,160,15,15,http://5.75.203.123:5005/object_info_3?name=Tim&age=37&salary=2000,139,0,77
1681220750981,141,Request_7,200,OK,HW_19 1-36,text,true,,250,160,15,15,http://5.75.203.123:5005/object_info_4?name=Tim&age=37&salary=2000,141,0,75
1681220750987,138,Request_6,200,OK,HW_19 1-45,text,true,,531,160,14,14,http://5.75.203.123:5005/object_info_3?name=Tim&age=37&salary=2000,138,0,78
1681220750997,140,Request_7,200,OK,HW_19 1-38,text,true,,250,160,14,14,http://5.75.203.123:5005/object_info_4?name=Tim&age=37&salary=2000,140,0,83
1681220750985,155,Request_6,200,OK,HW_19 1-46,text,true,,531,160,13,13,http://5.75.203.123:5005/object_info_3?name=Tim&age=37&salary=2000,155,0,96
1681220750994,147,Request_7,200,OK,HW_19 1-37,text,true,,250,160,13,13,http://5.75.203.123:5005/object_info_4?name=Tim&age=37&salary=2000,147,0,87
1681220751001,162,Request_6,200,OK,HW_19 1-48,text,true,,531,160,12,12,http://5.75.203.123:5005/object_info_3?name=Tim&age=37&salary=2000,162,0,95
1681220751032,131,Request_6,200,OK,HW_19 1-50,text,true,,531,160,12,12,http://5.75.203.123:5005/object_info_3?name=Tim&age=37&salary=2000,131,0,65
1681220751046,126,Request_6,200,OK,HW_19 1-49,text,true,,531,160,12,12,http://5.75.203.123:5005/object_info_3?name=Tim&age=37&salary=2000,126,0,58
1681220751022,152,Request_6,200,OK,HW_19 1-47,text,true,,531,160,12,12,http://5.75.203.123:5005/object_info_3?name=Tim&age=37&salary=2000,152,0,74
1681220751047,129,Request_7,200,OK,HW_19 1-41,text,true,,250,160,12,12,http://5.75.203.123:5005/object_info_4?name=Tim&age=37&salary=2000,129,0,57
1681220751049,131,Request_7,200,OK,HW_19 1-39,text,true,,250,160,11,11,http://5.75.203.123:5005/object_info_4?name=Tim&age=37&salary=2000,131,0,55
1681220751058,126,Request_7,200,OK,HW_19 1-40,text,true,,250,160,10,10,http://5.75.203.123:5005/object_info_4?name=Tim&age=37&salary=2000,126,0,62
1681220751096,105,Request_7,200,OK,HW_19 1-42,text,true,,250,160,9,9,http://5.75.203.123:5005/object_info_4?name=Tim&age=37&salary=2000,105,0,53
1681220751096,129,Request_7,200,OK,HW_19 1-43,text,true,,250,160,8,8,http://5.75.203.123:5005/object_info_4?name=Tim&age=37&salary=2000,129,0,61
1681220751116,121,Request_7,200,OK,HW_19 1-44,text,true,,250,160,7,7,http://5.75.203.123:5005/object_info_4?name=Tim&age=37&salary=2000,121,0,65
1681220751125,115,Request_7,200,OK,HW_19 1-45,text,true,,250,160,6,6,http://5.75.203.123:5005/object_info_4?name=Tim&age=37&salary=2000,115,0,60
1681220751140,109,Request_7,200,OK,HW_19 1-46,text,true,,250,160,5,5,http://5.75.203.123:5005/object_info_4?name=Tim&age=37&salary=2000,109,0,52
1681220751163,113,Request_7,200,OK,HW_19 1-48,text,true,,250,160,4,4,http://5.75.203.123:5005/object_info_4?name=Tim&age=37&salary=2000,113,0,58
1681220751163,119,Request_7,200,OK,HW_19 1-50,text,true,,250,160,3,3,http://5.75.203.123:5005/object_info_4?name=Tim&age=37&salary=2000,119,0,64
1681220751172,115,Request_7,200,OK,HW_19 1-49,text,true,,250,160,2,2,http://5.75.203.123:5005/object_info_4?name=Tim&age=37&salary=2000,115,0,58
1681220751174,115,Request_7,200,OK,HW_19 1-47,text,true,,250,160,1,1,http://5.75.203.123:5005/object_info_4?name=Tim&age=37&salary=2000,115,0,59
